Time,Message
0.7738065,"2074.33
"
0.7805725,"2074.35
"
0.7873143,"2074.36
"
0.7940626,"2074.39
"
0.8008178,"2074.40
"
0.8075599,"2074.43
"
0.814323,"2074.44
"
0.8210686,"2074.46
"
0.8278189,"2074.46
"
0.8345569,"2074.50
"
0.8413166,"2074.53
"
0.8495863,"2074.56
"
0.8563285,"2074.56
"
0.8630711,"2074.59
"
0.8698095,"2074.62
"
0.8765546,"2074.65
"
0.8833136,"2074.66
"
0.8900739,"2074.68
"
0.8968071,"2074.68
"
0.9035552,"2074.72
"
0.9103225,"2074.72
"
0.9170594,"2074.75
"
0.9238598,"2074.76
"
0.9305729,"2074.78
"
0.937311,"2074.80
"
0.9455554,"2074.81
"
0.9523138,"2074.85
"
0.9590634,"2074.85
"
0.9658043,"2074.88
"
0.9725562,"2074.89
"
0.9793116,"2074.90
"
0.9860773,"2074.93
"
0.9928066,"2074.96
"
0.9995556,"2074.97
"
1.0063174,"2074.97
"
1.013059,"2075.01
"
1.0198272,"2075.03
"
1.0267073,"2075.03
"
1.0350723,"2075.07
"
1.0417401,"2075.09
"
1.0484588,"2075.10
"
1.0552801,"2075.12
"
1.0619371,"2075.15
"
1.0686842,"2075.15
"
1.0754321,"2075.19
"
1.0821971,"2075.19
"
1.0889418,"2075.22
"
1.0956976,"2075.23
"
1.1024495,"2075.26
"
1.1093128,"2075.27
"
1.1159302,"2075.30
"
1.1226798,"2075.31
"
1.1309458,"2075.34
"
1.1376889,"2075.35
"
1.1444445,"2075.36
"
1.1512055,"2075.39
"
1.1579584,"2075.39
"
1.1646799,"2075.43
"
1.1714296,"2075.44
"
1.1781832,"2075.44
"
1.1849327,"2075.46
"
1.1916837,"2075.46
"
1.1984301,"2075.46
"
1.2051831,"2075.48
"
1.2119374,"2075.52
"
1.218681,"2075.56
"
1.2269301,"2075.60
"
1.2336797,"2075.61
"
1.2404328,"2075.63
"
1.2471865,"2075.64
"
1.2539323,"2075.67
"
1.2606817,"2075.67
"
1.2674342,"2075.68
"
1.2741821,"2075.72
"
1.2809822,"2075.72
"
1.2876808,"2075.72
"
1.2944306,"2075.76
"
1.3014379,"2075.79
"
1.3081808,"2075.81
"
1.316432,"2075.81
"
1.3231902,"2075.82
"
1.3299319,"2075.86
"
1.3366814,"2075.89
"
1.3434306,"2075.89
"
1.3501808,"2075.92
"
1.356932,"2075.95
"
1.3636915,"2075.97
"
1.3704549,"2075.98
"
1.3773136,"2076.00
"
1.3840626,"2076.03
"
1.3908158,"2076.04
"
1.3975579,"2076.06
"
1.4043135,"2076.07
"
1.4125567,"2076.11
"
1.4193134,"2076.13
"
1.4260654,"2076.15
"
1.4328056,"2076.16
"
1.439558,"2076.16
"
1.4463287,"2076.16
"
1.4530904,"2076.20
"
1.459807,"2076.21
"
1.4665574,"2076.25
"
1.4733193,"2076.26
"
1.4802038,"2076.26
"
1.486944,"2076.30
"
1.4936833,"2076.31
"
1.5019348,"2076.34
"
1.5086828,"2076.35
"
1.5154428,"2076.38
"
1.5221827,"2076.39
"
1.5289317,"2076.39
"
1.5356822,"2076.43
"
1.5424314,"2076.46
"
1.5491849,"2076.46
"
1.5559319,"2076.47
"
1.5626995,"2076.47
"
1.5694327,"2076.47
"
1.5761821,"2076.50
"
1.5829325,"2076.51
"
1.5896909,"2076.55
"
1.5979314,"2076.59
"
1.604683,"2076.59
"
1.6114358,"2076.63
"
1.6181812,"2076.65
"
1.6249401,"2076.66
"
1.6316944,"2076.66
"
1.6384326,"2076.66
"
1.6451818,"2076.67
"
1.6519407,"2076.71
"
1.6586956,"2076.75
"
1.6654498,"2076.75
"
1.6721934,"2076.75
"
1.6790102,"2076.75
"
1.6856824,"2076.79
"
1.6939336,"2076.82
"
1.700694,"2076.83
"
1.7074538,"2076.83
"
1.7141907,"2076.83
"
1.7209444,"2076.83
"
1.7277003,"2076.83
"
1.73443,"2076.83
"
1.7411821,"2076.88
"
1.7479309,"2076.94
"
1.7546838,"2076.98
"
1.7614347,"2076.98
"
1.7681812,"2077.02
"
1.7749397,"2077.02
"
1.7817075,"2077.02
"
1.7899319,"2077.02
"
1.7966811,"2077.02
"
1.8034305,"2077.02
"
1.8101828,"2077.06
"
1.8169343,"2077.08
"
1.8236912,"2077.12
"
1.8304315,"2077.16
"
1.8371836,"2077.20
"
1.8439522,"2077.21
"
1.8506879,"2077.22
"
1.8574325,"2077.22
"
1.8641861,"2077.26
"
1.870963,"2077.30
"
1.8792202,"2077.32
"
1.8859489,"2077.33
"
1.8926961,"2077.34
"
1.8994438,"2077.37
"
1.9061998,"2077.39
"
1.9129342,"2077.39
"
1.9196888,"2077.39
"
1.9264468,"2077.39
"
1.9332852,"2077.39
"
1.9400641,"2077.43
"
1.9468171,"2077.47
"
1.9535951,"2077.50
"
1.9603171,"2077.51
"
1.9670646,"2077.51
"
1.975325,"2077.52
"
1.9820766,"2077.52
"
1.9888079,"2077.52
"
1.9955674,"2077.56
"
2.00233,"2077.60
"
2.0090634,"2077.64
"
2.0158244,"2077.67
"
2.0225599,"2077.68
"
2.029313,"2077.71
"
2.0360823,"2077.73
"
2.0428759,"2077.75
"
2.0497443,"2077.76
"
2.0565737,"2077.76
"
2.0648635,"2077.79
"
2.0716253,"2077.80
"
2.0783312,"2077.83
"
2.0850636,"2077.83
"
2.0919329,"2077.83
"
2.0986821,"2077.87
"
2.105431,"2077.88
"
2.1121906,"2077.91
"
2.1189348,"2077.92
"
2.1256984,"2077.95
"
2.132431,"2077.97
"
2.1391816,"2077.99
"
2.1460694,"2078.00
"
2.1528121,"2078.00
"
2.1610666,"2078.04
"
2.1678091,"2078.07
"
2.1741486,"2078.08
"
2.1761858,"2078.09
"
2.1781311,"2078.12
"
2.1801919,"2078.14
"
2.1821346,"2078.17
"
2.1840123,"2078.17
"
2.1859848,"2078.20
"
2.1878987,"2078.22
"
2.1899457,"2078.23
"
2.1919108,"2078.23
"
2.1939622,"2078.27
"
2.1959109,"2078.30
"
2.1978232,"2078.31
"
2.1997752,"2078.33
"
2.2018402,"2078.34
"
2.2038103,"2078.36
"
2.205812,"2078.39
"
2.2078242,"2078.41
"
2.2097368,"2078.43
"
2.2116985,"2078.44
"
2.2136096,"2078.47
"
2.2156107,"2078.48
"
2.2175102,"2078.51
"
2.2194977,"2078.51
"
2.2216079,"2078.54
"
2.2235369,"2078.57
"
2.2254185,"2078.58
"
2.2273265,"2078.61
"
2.2293307,"2078.64
"
2.2312709,"2078.66
"
2.2331901,"2078.67
"
2.2353087,"2078.70
"
2.2372795,"2078.73
"
2.2392762,"2078.73
"
2.2412804,"2078.76
"
2.243411,"2078.76
"
2.2454115,"2078.79
"
2.2473678,"2078.82
"
2.2494243,"2078.83
"
2.2516535,"2078.86
"
2.2536055,"2078.88
"
2.2555357,"2078.89
"
2.2576079,"2078.91
"
2.2595375,"2078.94
"
2.2614056,"2078.96
"
2.2633996,"2078.97
"
2.2653299,"2079.00
"
2.2674146,"2079.02
"
2.269423,"2079.05
"
2.2714874,"2079.07
"
2.2734146,"2079.08
"
2.2753989,"2079.11
"
2.277399,"2079.13
"
2.2794139,"2079.15
"
2.281457,"2079.15
"
2.2837554,"2079.15
"
2.2856486,"2079.15
"
2.2875376,"2079.15
"
2.2895604,"2079.15
"
2.2915386,"2079.15
"
2.2934532,"2079.19
"
2.2953893,"2079.21
"
2.297476,"2079.25
"
2.2994863,"2079.28
"
2.3014072,"2079.30
"
2.3033321,"2079.33
"
2.3053333,"2079.33
"
2.3072332,"2079.33
"
2.3091309,"2079.34
"
2.3110678,"2079.38
"
2.3131988,"2079.42
"
2.3151292,"2079.43
"
2.3170256,"2079.46
"
2.3191316,"2079.49
"
2.3210122,"2079.50
"
2.3228742,"2079.51
"
2.3248239,"2079.51
"
2.326856,"2079.51
"
2.3323254,"2079.55
"
2.3364046,"2079.56
"
2.3422718,"2079.58
"
2.3466493,"2079.59
"
2.3526062,"2079.61
"
2.3568241,"2079.62
"
2.3648978,"2079.66
"
2.3710714,"2079.68
"
2.3773338,"2079.70
"
2.3821289,"2079.71
"
2.3904513,"2079.74
"
2.3944831,"2079.75
"
2.3972329,"2079.75
"
2.4061323,"2079.79
"
2.4118876,"2079.81
"
2.4173903,"2079.83
"
2.4215648,"2079.84
"
2.4292307,"2079.87
"
2.4334805,"2079.88
"
2.4381413,"2079.89
"
2.4415121,"2079.90
"
2.4445816,"2079.90
"
2.4470729,"2079.90
"
2.454824,"2079.94
"
2.4603926,"2079.96
"
2.4660196,"2079.98
"
2.4704907,"2079.99
"
2.4740801,"2080.00
"
2.4799826,"2080.02
"
2.4839034,"2080.03
"
2.4901354,"2080.05
"
2.4941899,"2080.06
"
2.4980178,"2080.07
"
2.5036458,"2080.09
"
2.5118126,"2080.13
"
2.5174048,"2080.15
"
2.5202354,"2080.15
"
2.5242333,"2080.16
"
2.5323643,"2080.19
"
2.5368237,"2080.20
"
2.5408699,"2080.21
"
2.5488256,"2080.24
"
2.5515735,"2080.24
"
2.5538233,"2080.24
"
2.5631332,"2080.28
"
2.5702334,"2080.31
"
2.5730105,"2080.31
"
2.5819604,"2080.35
"
2.5865268,"2080.36
"
2.5927322,"2080.38
"
2.5982307,"2080.40
"
2.6024017,"2080.41
"
2.6081389,"2080.43
"
2.6136896,"2080.45
"
2.6177626,"2080.46
"
2.6242541,"2080.48
"
2.6315836,"2080.51
"
2.6342078,"2080.51
"
2.636785,"2080.51
"
2.6391896,"2080.51
"
2.6413977,"2080.51
"
2.6434178,"2080.51
"
2.6458236,"2080.51
"
2.6547413,"2080.55
"
2.6628112,"2080.60
"
2.6714429,"2080.64
"
2.6741884,"2080.64
"
2.6816367,"2080.67
"
2.6846056,"2080.67
"
2.6919605,"2080.70
"
2.6976395,"2080.72
"
2.7053264,"2080.75
"
2.7131299,"2080.78
"
2.7177585,"2080.79
"
2.7230082,"2080.81
"
2.727404,"2080.82
"
2.7359812,"2080.86
"
2.7422746,"2080.88
"
2.7450098,"2080.88
"
2.7526376,"2080.91
"
2.7586061,"2080.93
"
2.769811,"2080.97
"
2.7787099,"2081.01
"
2.7858243,"2081.04
"
2.7900207,"2081.05
"
2.7953465,"2081.06
"
2.7978529,"2081.06
"
2.8055443,"2081.10
"
2.8095671,"2081.11
"
2.8149489,"2081.13
"
2.8188865,"2081.14
"
2.8232359,"2081.15
"
2.8261966,"2081.15
"
2.8340726,"2081.19
"
2.8401374,"2081.21
"
2.8462369,"2081.23
"
2.8489678,"2081.23
"
2.8548303,"2081.25
"
2.8589111,"2081.26
"
2.8676486,"2081.30
"
2.873489,"2081.32
"
2.8779132,"2081.33
"
2.8806372,"2081.33
"
2.8879679,"2081.36
"
2.8922312,"2081.37
"
2.9010136,"2081.40
"
2.9080246,"2081.43
"
2.9124853,"2081.44
"
2.9153636,"2081.44
"
2.9233975,"2081.48
"
2.9263964,"2081.48
"
2.930394,"2081.49
"
2.9327628,"2081.49
"
2.9351312,"2081.49
"
2.9435407,"2081.53
"
2.9489807,"2081.55
"
2.9564094,"2081.58
"
2.9637614,"2081.61
"
2.9699208,"2081.63
"
2.9743251,"2081.64
"
2.9804839,"2081.66
"
2.9844611,"2081.67
"
2.990347,"2081.69
"
2.9964522,"2081.71
"
3.0028877,"2081.73
"
3.0102337,"2081.76
"
3.0161846,"2081.78
"
3.0200686,"2081.79
"
3.0277633,"2081.82
"
3.0341482,"2081.84
"
3.036789,"2081.84
"
3.0443643,"2081.87
"
3.0500151,"2081.89
"
3.0566378,"2081.91
"
3.0602078,"2081.92
"
3.0624604,"2081.92
"
3.070614,"2081.96
"
3.0759007,"2081.98
"
3.0801935,"2081.99
"
3.0842717,"2082.00
"
3.0897138,"2082.02
"
3.0936124,"2082.03
"
3.0993324,"2082.05
"
3.102396,"2082.05
"
3.1105299,"2082.09
"
3.1166624,"2082.11
"
3.1222338,"2082.13
"
3.1268211,"2082.14
"
3.1338117,"2082.17
"
3.1365531,"2082.17
"
3.1439597,"2082.20
"
3.1484094,"2082.21
"
3.1512312,"2082.21
"
3.1538812,"2082.21
"
3.1620145,"2082.25
"
3.1695,"2082.28
"
3.1723664,"2082.28
"
3.1781922,"2082.30
"
3.1836457,"2082.32
"
3.1878273,"2082.33
"
3.1954654,"2082.36
"
3.2018616,"2082.38
"
3.2097636,"2082.41
"
3.2173647,"2082.44
"
3.2232315,"2082.46
"
3.2260216,"2082.46
"
3.2319443,"2082.48
"
3.2372316,"2082.50
"
3.2411319,"2082.51
"
3.2488123,"2082.54
"
3.2529011,"2082.55
"
3.2569016,"2082.56
"
3.2628889,"2082.58
"
3.2668243,"2082.59
"
3.2743946,"2082.62
"
3.2815625,"2082.65
"
3.2876335,"2082.67
"
3.2916869,"2082.68
"
3.2973893,"2082.70
"
3.3012076,"2082.71
"
3.3036318,"2082.71
"
3.3058889,"2082.71
"
3.3092801,"2082.71
"
3.3114901,"2082.71
"
3.3136405,"2082.71
"
3.3158253,"2082.71
"
3.3181909,"2082.71
"
3.3237906,"2082.73
"
3.3322096,"2082.77
"
3.3391912,"2082.84
"
3.3430202,"2082.85
"
3.3513924,"2082.89
"
3.354365,"2082.89
"
3.3581905,"2082.90
"
3.3664116,"2082.94
"
3.3692325,"2082.94
"
3.3755385,"2082.96
"
3.37818,"2082.96
"
3.3870778,"2083.00
"
3.3941418,"2083.03
"
3.4001814,"2083.05
"
3.4032377,"2083.05
"
3.4057068,"2083.05
"
3.4120251,"2083.07
"
3.4144814,"2083.07
"
3.4168635,"2083.07
"
3.4242641,"2083.10
"
3.4269813,"2083.10
"
3.4292312,"2083.10
"
3.4379851,"2083.14
"
3.4458941,"2083.18
"
3.4509912,"2083.20
"
3.4532842,"2083.20
"
3.4553878,"2083.20
"
3.4643985,"2083.25
"
3.4713908,"2083.28
"
3.4741397,"2083.28
"
3.4761861,"2083.28
"
3.4847772,"2083.32
"
3.4875372,"2083.32
"
3.490013,"2083.32
"
3.4922334,"2083.32
"
3.5002642,"2083.36
"
3.5082643,"2083.40
"
3.5162492,"2083.44
"
3.5231856,"2083.47
"
3.5257617,"2083.47
"
3.5284009,"2083.47
"
3.5361946,"2083.51
"
3.5397769,"2083.52
"
3.5424388,"2083.52
"
3.5508118,"2083.56
"
3.5589536,"2083.60
"
3.5633652,"2083.61
"
3.5702327,"2083.64
"
3.5731979,"2083.64
"
3.5791308,"2083.66
"
3.5866089,"2083.69
"
3.5943988,"2083.72
"
3.5988248,"2083.73
"
3.6026448,"2083.74
"
3.6055148,"2083.74
"
3.6078324,"2083.74
"
3.6133768,"2083.76
"
3.6164154,"2083.76
"
3.6199347,"2083.77
"
3.6224,"2083.77
"
3.6301298,"2083.81
"
3.6381318,"2083.85
"
3.6457109,"2083.88
"
3.6493958,"2083.89
"
3.6525044,"2083.89
"
3.656186,"2083.90
"
3.6643967,"2083.94
"
3.6686077,"2083.95
"
3.6714361,"2083.95
"
3.6763926,"2083.97
"
3.6787763,"2083.97
"
3.6813638,"2083.97
"
3.6836096,"2083.97
"
3.6858864,"2083.97
"
3.6887009,"2083.97
"
3.6971818,"2084.01
"
3.7051314,"2084.07
"
3.7127318,"2084.10
"
3.7158129,"2084.10
"
3.7222996,"2084.12
"
3.7300135,"2084.15
"
3.7374058,"2084.18
"
3.7453732,"2084.21
"
3.7512339,"2084.23
"
3.7539824,"2084.23
"
3.7565513,"2084.23
"
3.7634315,"2084.26
"
3.7674203,"2084.27
"
3.7752763,"2084.30
"
3.7784076,"2084.30
"
3.7824122,"2084.31
"
3.7894077,"2084.34
"
3.796411,"2084.37
"
3.802191,"2084.39
"
3.8061977,"2084.40
"
3.8142125,"2084.43
"
3.8229191,"2084.46
"
3.830131,"2084.49
"
3.8346091,"2084.50
"
3.8404111,"2084.52
"
3.8441347,"2084.53
"
3.8510223,"2084.56
"
3.8540015,"2084.56
"
3.8614088,"2084.59
"
3.8668241,"2084.61
"
3.8710124,"2084.62
"
3.8733288,"2084.62
"
3.8757617,"2084.62
"
3.8779861,"2084.62
"
3.8801845,"2084.62
"
3.8824858,"2084.62
"
3.8927633,"2084.66
"
3.9006905,"2084.73
"
3.903438,"2084.73
"
3.9073926,"2084.74
"
3.9128244,"2084.76
"
3.9170112,"2084.77
"
3.9236529,"2084.79
"
3.9274382,"2084.80
"
3.9300264,"2084.80
"
3.932659,"2084.80
"
3.93641,"2084.81
"
3.9446188,"2084.85
"
3.9523668,"2084.88
"
3.957665,"2084.90
"
3.9656103,"2084.93
"
3.9711824,"2084.95
"
3.9756389,"2084.96
"
3.9833259,"2084.99
"
3.9861921,"2084.99
"
3.9937016,"2085.02
"
4.0007782,"2085.05
"
4.0048576,"2085.06
"
4.0089256,"2085.07
"
4.0161923,"2085.10
"
4.0211899,"2085.11
"
4.0289613,"2085.14
"
4.0318123,"2085.14
"
4.0344183,"2085.14
"
4.0421911,"2085.18
"
4.0492129,"2085.21
"
4.0552928,"2085.23
"
4.0581979,"2085.23
"
4.0603982,"2085.23
"
4.0695002,"2085.27
"
4.0717869,"2085.27
"
4.0766701,"2085.28
"
4.0834906,"2085.31
"
4.0861083,"2085.31
"
4.0946397,"2085.35
"
4.1003347,"2085.37
"
4.1046896,"2085.38
"
4.1117018,"2085.41
"
4.1177959,"2085.43
"
4.1218864,"2085.44
"
4.1241833,"2085.44
"
4.1274586,"2085.44
"
4.1353967,"2085.48
"
4.1409623,"2085.50
"
4.1480122,"2085.53
"
4.1527751,"2085.54
"
4.1563651,"2085.55
"
4.1589611,"2085.55
"
4.1659868,"2085.58
"
4.1719606,"2085.60
"
4.1758135,"2085.61
"
4.1814037,"2085.63
"
4.1843354,"2085.63
"
4.1883915,"2085.64
"
4.1958877,"2085.67
"
4.199988,"2085.68
"
4.2073644,"2085.71
"
4.2135264,"2085.73
"
4.2163989,"2085.73
"
4.2241919,"2085.77
"
4.2309658,"2085.79
"
4.2348252,"2085.80
"
4.2424082,"2085.83
"
4.2453963,"2085.83
"
4.2474433,"2085.83
"
4.2502085,"2085.83
"
4.2582332,"2085.87
"
4.2645686,"2085.89
"
4.273025,"2085.93
"
4.2771946,"2085.94
"
4.2797371,"2085.94
"
4.2839001,"2085.95
"
4.2924114,"2085.99
"
4.2992659,"2086.02
"
4.3052376,"2086.04
"
4.3082032,"2086.04
"
4.3151829,"2086.07
"
4.3192629,"2086.08
"
4.325192,"2086.10
"
4.3290254,"2086.10
"
4.3317782,"2086.10
"
4.3342622,"2086.10
"
4.3424464,"2086.14
"
4.3506104,"2086.18
"
4.3566672,"2086.20
"
4.3604861,"2086.21
"
4.3684727,"2086.24
"
4.3759836,"2086.27
"
4.3818131,"2086.29
"
4.384697,"2086.29
"
4.3919817,"2086.32
"
4.3993924,"2086.35
"
4.4052182,"2086.37
"
4.407982,"2086.37
"
4.4102385,"2086.37
"
4.4126384,"2086.37
"
4.4203363,"2086.41
"
4.4272649,"2086.44
"
4.4316593,"2086.45
"
4.4356485,"2086.46
"
4.4436174,"2086.49
"
4.4494403,"2086.51
"
4.4523927,"2086.51
"
4.4595756,"2086.54
"
4.4669894,"2086.57
"
4.4696888,"2086.57
"
4.4774431,"2086.60
"
4.4828152,"2086.62
"
4.4856396,"2086.62
"
4.4928254,"2086.65
"
4.4957886,"2086.65
"
4.5042117,"2086.69
"
4.5086088,"2086.70
"
4.5115394,"2086.70
"
4.5195391,"2086.74
"
4.5258269,"2086.76
"
4.5302132,"2086.77
"
4.5353336,"2086.78
"
4.5382358,"2086.78
"
4.5406086,"2086.78
"
4.5485503,"2086.82
"
4.5555607,"2086.85
"
4.5597679,"2086.86
"
4.5673967,"2086.89
"
4.5714492,"2086.90
"
4.5787647,"2086.93
"
4.5848265,"2086.95
"
4.587563,"2086.95
"
4.5947763,"2086.98
"
4.5976096,"2086.98
"
4.6057664,"2087.02
"
4.6086633,"2087.02
"
4.612762,"2087.03
"
4.6197779,"2087.06
"
4.6256099,"2087.08
"
4.6314385,"2087.10
"
4.6344052,"2087.10
"
4.6428255,"2087.14
"
4.6488919,"2087.16
"
4.6530274,"2087.17
"
4.6569395,"2087.18
"
4.6597191,"2087.18
"
4.6623262,"2087.18
"
4.6690694,"2087.21
"
4.6712093,"2087.21
"
4.6734559,"2087.21
"
4.675765,"2087.21
"
4.6782734,"2087.21
"
4.6866109,"2087.25
"
4.6948688,"2087.30
"
4.6986099,"2087.31
"
4.7061352,"2087.34
"
4.7106554,"2087.35
"
4.7179618,"2087.38
"
4.7238138,"2087.40
"
4.7296437,"2087.42
"
4.7336357,"2087.43
"
4.7360124,"2087.43
"
4.7382354,"2087.43
"
4.740639,"2087.43
"
4.7438596,"2087.43
"
4.7522107,"2087.47
"
4.7604857,"2087.51
"
4.7683294,"2087.55
"
4.7743763,"2087.57
"
4.7767671,"2087.57
"
4.783817,"2087.60
"
4.7879844,"2087.61
"
4.7939889,"2087.63
"
4.7998255,"2087.65
"
4.8042326,"2087.66
"
4.8121819,"2087.69
"
4.8202903,"2087.72
"
4.8273687,"2087.75
"
4.8334726,"2087.77
"
4.8364259,"2087.77
"
4.8389671,"2087.77
"
4.848486,"2087.81
"
4.8559487,"2087.84
"
4.8621411,"2087.86
"
4.8698624,"2087.89
"
4.8738525,"2087.90
"
4.882625,"2087.94
"
4.8870704,"2087.95
"
4.8931943,"2087.97
"
4.8972735,"2087.98
"
4.9035784,"2088.00
"
4.906201,"2088.00
"
4.915441,"2088.04
"
4.922571,"2088.07
"
4.9282103,"2088.09
"
4.9324587,"2088.10
"
4.9385662,"2088.12
"
4.9428368,"2088.13
"
4.9504886,"2088.16
"
4.9584905,"2088.19
"
4.9624637,"2088.20
"
4.968401,"2088.22
"
4.9741305,"2088.24
"
4.9797924,"2088.26
"
4.9858263,"2088.28
"
4.9903689,"2088.29
"
4.993471,"2088.29
"
5.0015634,"2088.33
"
5.005407,"2088.34
"
5.0134531,"2088.38
"
5.0163962,"2088.38
"
5.0237176,"2088.41
"
5.0276118,"2088.42
"
5.0318146,"2088.43
"
5.0376406,"2088.45
"
5.0423714,"2088.46
"
5.0494204,"2088.48
"
5.0556235,"2088.50
"
5.0612367,"2088.52
"
5.0654198,"2088.53
"
5.0693578,"2088.54
"
5.075207,"2088.56
"
5.0809169,"2088.58
"
5.0854492,"2088.59
"
5.0926401,"2088.62
"
5.0998447,"2088.64
"
5.1063758,"2088.67
"
5.10896,"2088.67
"
5.1151964,"2088.69
"
5.1220708,"2088.72
"
5.1274615,"2088.74
"
5.1352384,"2088.77
"
5.1400178,"2088.78
"
5.1478599,"2088.81
"
5.1556351,"2088.84
"
5.1618263,"2088.86
"
5.1658417,"2088.87
"
5.171448,"2088.89
"
5.1782575,"2088.91
"
5.185463,"2088.94
"
5.1882903,"2088.94
"
5.1909629,"2088.94
"
5.1994449,"2088.98
"
5.2078138,"2089.02
"
5.2108152,"2089.02
"
5.2181918,"2089.05
"
5.2209881,"2089.05
"
5.2290695,"2089.09
"
5.2352338,"2089.11
"
5.2398142,"2089.12
"
5.2481359,"2089.15
"
5.2516091,"2089.15
"
5.2601834,"2089.19
"
5.2642209,"2089.20
"
5.2670373,"2089.20
"
5.2758278,"2089.24
"
5.2830262,"2089.27
"
5.2876752,"2089.28
"
5.2918145,"2089.29
"
5.3007819,"2089.33
"
5.3049618,"2089.34
"
5.3092659,"2089.35
"
5.3166388,"2089.38
"
5.3208625,"2089.39
"
5.324962,"2089.40
"
5.3324547,"2089.43
"
5.3366116,"2089.44
"
5.3436815,"2089.47
"
5.3499216,"2089.49
"
5.3582737,"2089.52
"
5.3646128,"2089.54
"
5.3691349,"2089.55
"
5.3718154,"2089.55
"
5.3803689,"2089.59
"
5.3873956,"2089.62
"
5.3902341,"2089.62
"
5.392828,"2089.62
"
5.4012407,"2089.66
"
5.4051869,"2089.67
"
5.4075407,"2089.67
"
5.4098152,"2089.67
"
5.4179864,"2089.71
"
5.4248908,"2089.74
"
5.4326124,"2089.77
"
5.4372468,"2089.78
"
5.44138,"2089.79
"
5.4439958,"2089.79
"
5.4493653,"2089.81
"
5.4518944,"2089.81
"
5.454234,"2089.81
"
5.4568138,"2089.81
"
5.4598646,"2089.81
"
5.467964,"2089.85
"
5.4775252,"2089.90
"
5.4853978,"2089.94
"
5.4896367,"2089.95
"
5.4925152,"2089.95
"
5.494816,"2089.95
"
5.5034453,"2089.99
"
5.5059841,"2089.99
"
5.5086616,"2089.99
"
5.5107902,"2089.99
"
5.5134375,"2089.99
"
5.5159624,"2089.99
"
5.5183983,"2089.99
"
5.5206487,"2089.99
"
5.5233909,"2089.99
"
5.532016,"2090.03
"
5.5398194,"2090.07
"
5.5481342,"2090.12
"
5.5540272,"2090.14
"
5.5567729,"2090.14
"
5.5654844,"2090.18
"
5.5735931,"2090.22
"
5.5823304,"2090.26
"
5.5895789,"2090.29
"
5.592397,"2090.29
"
5.6005905,"2090.33
"
5.6066089,"2090.35
"
5.611272,"2090.36
"
5.6139598,"2090.36
"
5.6194637,"2090.38
"
5.6255468,"2090.40
"
5.6311983,"2090.42
"
5.6388276,"2090.45
"
5.6428273,"2090.46
"
5.6506098,"2090.49
"
5.658827,"2090.52
"
5.6634919,"2090.53
"
5.6690272,"2090.55
"
5.674583,"2090.57
"
5.6802156,"2090.59
"
5.6858906,"2090.61
"
5.6919855,"2090.63
"
5.6966126,"2090.64
"
5.7028602,"2090.66
"
5.7083969,"2090.68
"
5.7123927,"2090.69
"
5.7148912,"2090.69
"
5.7233779,"2090.73
"
5.7277663,"2090.74
"
5.7356417,"2090.77
"
5.7430144,"2090.80
"
5.7490163,"2090.82
"
5.7536409,"2090.83
"
5.7618165,"2090.85
"
5.7711365,"2090.89
"
5.7782376,"2090.92
"
5.7859886,"2090.95
"
5.7888462,"2090.95
"
5.7944559,"2090.97
"
5.7998637,"2090.99
"
5.8076673,"2091.02
"
5.8131997,"2091.04
"
5.8159625,"2091.04
"
5.8185291,"2091.04
"
5.8213359,"2091.04
"
5.8289848,"2091.08
"
5.8359989,"2091.11
"
5.8415785,"2091.13
"
5.8489633,"2091.16
"
5.8530863,"2091.17
"
5.8559467,"2091.17
"
5.8633969,"2091.20
"
5.8692031,"2091.22
"
5.8746641,"2091.24
"
5.8786094,"2091.25
"
5.8848766,"2091.27
"
5.8874301,"2091.27
"
5.8899075,"2091.27
"
5.8920248,"2091.27
"
5.8941952,"2091.27
"
5.8983962,"2091.28
"
5.9011908,"2091.28
"
5.9039846,"2091.28
"
5.9116146,"2091.32
"
5.9193934,"2091.39
"
5.9237387,"2091.40
"
5.9265404,"2091.40
"
5.9348861,"2091.44
"
5.94046,"2091.46
"
5.9444006,"2091.47
"
5.9516682,"2091.50
"
5.9561334,"2091.51
"
5.9638088,"2091.54
"
5.9690273,"2091.55
"
5.977138,"2091.58
"
5.9852371,"2091.62
"
5.989641,"2091.63
"
5.9936425,"2091.64
"
5.9963684,"2091.64
"
6.0032139,"2091.67
"
6.00608,"2091.67
"
6.0147354,"2091.71
"
6.019214,"2091.72
"
6.0219936,"2091.72
"
6.0295987,"2091.75
"
6.0367781,"2091.78
"
6.044413,"2091.81
"
6.0520731,"2091.84
"
6.0578173,"2091.86
"
6.0634562,"2091.88
"
6.0673954,"2091.89
"
6.0754482,"2091.92
"
6.0782368,"2091.92
"
6.0868944,"2091.96
"
6.0894868,"2091.96
"
6.0950136,"2091.98
"
6.0992826,"2091.99
"
6.1060736,"2092.02
"
6.1088144,"2092.02
"
6.116651,"2092.05
"
6.1208961,"2092.06
"
6.1238155,"2092.06
"
6.1325418,"2092.10
"
6.1403198,"2092.13
"
6.14554,"2092.15
"
6.152815,"2092.18
"
6.1572193,"2092.19
"
6.1616446,"2092.20
"
6.1696482,"2092.24
"
6.1748719,"2092.25
"
6.1791861,"2092.26
"
6.1848168,"2092.28
"
6.1902143,"2092.30
"
6.1950733,"2092.31
"
6.2028611,"2092.34
"
6.2067356,"2092.35
"
6.2091885,"2092.35
"
6.2120713,"2092.35
"
6.2144428,"2092.35
"
6.2230551,"2092.39
"
6.2311359,"2092.43
"
6.2350293,"2092.44
"
6.2439002,"2092.48
"
6.2466547,"2092.48
"
6.2549857,"2092.52
"
6.2608161,"2092.54
"
6.2663686,"2092.56
"
6.2703323,"2092.57
"
6.2734109,"2092.57
"
6.2818152,"2092.61
"
6.2860738,"2092.62
"
6.2888896,"2092.62
"
6.2958359,"2092.65
"
6.2986424,"2092.65
"
6.3068652,"2092.69
"
6.3122665,"2092.71
"
6.3152398,"2092.71
"
6.3223999,"2092.74
"
6.3261323,"2092.75
"
6.3285437,"2092.75
"
6.3328138,"2092.76
"
6.3388295,"2092.78
"
6.3416172,"2092.78
"
6.3503894,"2092.82
"
6.3583349,"2092.86
"
6.3655437,"2092.89
"
6.3698157,"2092.90
"
6.3754416,"2092.92
"
6.3798931,"2092.93
"
6.3874414,"2092.96
"
6.3944125,"2092.99
"
6.3972381,"2092.99
"
6.405459,"2093.03
"
6.4115813,"2093.05
"
6.4141393,"2093.05
"
6.4168168,"2093.05
"
6.4238288,"2093.08
"
6.430965,"2093.11
"
6.4351938,"2093.12
"
6.4412175,"2093.14
"
6.4470294,"2093.16
"
6.4510145,"2093.17
"
6.4588751,"2093.20
"
6.4657897,"2093.23
"
6.4720298,"2093.25
"
6.4786128,"2093.27
"
6.4849859,"2093.29
"
6.4904806,"2093.31
"
6.4943215,"2093.32
"
6.4986102,"2093.33
"
6.5056675,"2093.36
"
6.5099878,"2093.37
"
6.5155284,"2093.39
"
6.5214974,"2093.41
"
6.5291521,"2093.44
"
6.5332143,"2093.45
"
6.5408288,"2093.48
"
6.5435409,"2093.48
"
6.5509736,"2093.51
"
6.5581337,"2093.54
"
6.5637499,"2093.56
"
6.5676421,"2093.57
"
6.5716514,"2093.58
"
6.5740307,"2093.58
"
6.5762376,"2093.58
"
6.5785785,"2093.58
"
6.5808447,"2093.58
"
6.5829849,"2093.58
"
6.5853336,"2093.58
"
6.5874089,"2093.58
"
6.58961,"2093.58
"
6.5919611,"2093.58
"
6.5941361,"2093.58
"
6.5964025,"2093.58
"
6.5984813,"2093.58
"
6.6008291,"2093.58
"
6.6031367,"2093.58
"
6.6052191,"2093.58
"
6.6075273,"2093.58
"
6.6102131,"2093.58
"
6.612178,"2093.58
"
6.6141354,"2093.58
"
6.6166123,"2093.58
"
6.6186125,"2093.58
"
6.6208176,"2093.58
"
6.6229047,"2093.58
"
6.6251379,"2093.58
"
6.6273684,"2093.58
"
6.6294543,"2093.58
"
6.631843,"2093.58
"
6.6338646,"2093.58
"
6.6360141,"2093.58
"
6.6412113,"2093.59
"
6.6438151,"2093.59
"
6.6465885,"2093.59
"
6.6488285,"2093.59
"
6.6514852,"2093.59
"
6.6618954,"2093.63
"
6.6697772,"2093.88
"
6.6727783,"2093.88
"
6.6753971,"2093.88
"
6.6843991,"2093.99
"
6.6926132,"2094.03
"
6.7004159,"2094.07
"
6.7047399,"2094.08
"
6.7132124,"2094.12
"
6.7211339,"2094.16
"
6.7242038,"2094.16
"
6.7266426,"2094.16
"
6.7344004,"2094.20
"
6.7384646,"2094.21
"
6.7460839,"2094.24
"
6.7500302,"2094.24
"
6.7609879,"2094.28
"
6.7688288,"2094.32
"
6.7744898,"2094.34
"
6.7824055,"2094.37
"
6.7854098,"2094.37
"
6.7945417,"2094.41
"
6.7990126,"2094.42
"
6.8031436,"2094.43
"
6.8102133,"2094.46
"
6.8147655,"2094.47
"
6.8206012,"2094.49
"
6.8230282,"2094.49
"
6.8252402,"2094.49
"
6.8341978,"2094.53
"
6.8421373,"2094.56
"
6.8447776,"2094.56
"
6.848873,"2094.57
"
6.8513773,"2094.57
"
6.8538342,"2094.57
"
6.8629889,"2094.61
"
6.8712433,"2094.65
"
6.8764989,"2094.67
"
6.8849534,"2094.71
"
6.8891383,"2094.72
"
6.8952387,"2094.74
"
6.9026177,"2094.77
"
6.9068156,"2094.78
"
6.9141952,"2094.81
"
6.9184219,"2094.82
"
6.9223692,"2094.83
"
6.9284178,"2094.85
"
6.9353669,"2094.88
"
6.9414243,"2094.90
"
6.9445688,"2094.90
"
6.9521385,"2094.93
"
6.9565787,"2094.94
"
6.9624672,"2094.96
"
6.9706114,"2095.00
"
6.9751381,"2095.01
"
6.982613,"2095.04
"
6.9855889,"2095.04
"
6.9899561,"2095.05
"
6.9993943,"2095.09
"
7.0023362,"2095.09
"
7.0093667,"2095.12
"
7.0121941,"2095.12
"
7.0202865,"2095.16
"
7.0261953,"2095.18
"
7.0290389,"2095.18
"
7.0372125,"2095.22
"
7.0418618,"2095.23
"
7.045781,"2095.24
"
7.051778,"2095.26
"
7.0545712,"2095.26
"
7.0634481,"2095.30
"
7.070731,"2095.33
"
7.0734603,"2095.33
"
7.0760136,"2095.33
"
7.0847186,"2095.37
"
7.0925901,"2095.40
"
7.0974469,"2095.41
"
7.1052952,"2095.44
"
7.1095838,"2095.45
"
7.1136175,"2095.46
"
7.1214955,"2095.49
"
7.1285535,"2095.52
"
7.1312391,"2095.52
"
7.1340403,"2095.52
"
7.142188,"2095.56
"
7.1462171,"2095.57
"
7.1491863,"2095.57
"
7.1545697,"2095.59
"
7.1620291,"2095.62
"
7.166195,"2095.63
"
7.1738198,"2095.66
"
7.1782678,"2095.67
"
7.1854871,"2095.70
"
7.1917664,"2095.72
"
7.1963741,"2095.73
"
7.1989544,"2095.73
"
7.2013992,"2095.73
"
7.2058158,"2095.74
"
7.2138704,"2095.78
"
7.2223306,"2095.82
"
7.2264033,"2095.83
"
7.2289865,"2095.83
"
7.2376917,"2095.87
"
7.2432194,"2095.89
"
7.2488167,"2095.91
"
7.2516265,"2095.91
"
7.2540173,"2095.91
"
7.25644,"2095.91
"
7.258943,"2095.91
"
7.2678396,"2095.95
"
7.2760733,"2095.99
"
7.2841953,"2096.03
"
7.2915665,"2096.06
"
7.2961379,"2096.07
"
7.3032242,"2096.09
"
7.3070158,"2096.10
"
7.3129554,"2096.12
"
7.3187185,"2096.14
"
7.322831,"2096.15
"
7.3284674,"2096.17
"
7.3347814,"2096.19
"
7.3374604,"2096.19
"
7.3459651,"2096.23
"
7.3507456,"2096.24
"
7.3584535,"2096.27
"
7.3613705,"2096.27
"
7.3684166,"2096.30
"
7.3725809,"2096.31
"
7.3751967,"2096.31
"
7.3778369,"2096.31
"
7.3864539,"2096.35
"
7.3921982,"2096.37
"
7.4008282,"2096.40
"
7.4050717,"2096.41
"
7.4104917,"2096.43
"
7.4132042,"2096.43
"
7.4153921,"2096.43
"
7.4177679,"2096.43
"
7.4202132,"2096.43
"
7.4224282,"2096.43
"
7.4248908,"2096.43
"
7.4339106,"2096.47
"
7.4419611,"2096.52
"
7.4505711,"2096.56
"
7.458582,"2096.60
"
7.4624905,"2096.61
"
7.4650277,"2096.61
"
7.4734515,"2096.65
"
7.4801859,"2096.68
"
7.4889645,"2096.72
"
7.4924571,"2096.73
"
7.4950004,"2096.73
"
7.4972387,"2096.73
"
7.4999856,"2096.73
"
7.5093712,"2096.77
"
7.5131349,"2096.78
"
7.5210182,"2096.81
"
7.5238297,"2096.81
"
7.5260305,"2096.81
"
7.5282681,"2096.81
"
7.5306115,"2096.81
"
7.5328332,"2096.81
"
7.5350721,"2096.81
"
7.5375795,"2096.81
"
7.5399204,"2096.81
"
7.5421944,"2096.81
"
7.5449648,"2096.81
"
7.5538921,"2096.85
"
7.5622141,"2096.94
"
7.5662437,"2096.95
"
7.5741966,"2096.98
"
7.5798106,"2097.00
"
7.5856701,"2097.02
"
7.5896133,"2097.03
"
7.5974612,"2097.06
"
7.601866,"2097.07
"
7.6076431,"2097.09
"
7.6174652,"2097.13
"
7.6203392,"2097.13
"
7.6228358,"2097.13
"
7.6298407,"2097.16
"
7.6324142,"2097.16
"
7.6346922,"2097.16
"
7.6439238,"2097.20
"
7.6521983,"2097.24
"
7.6589079,"2097.27
"
7.6615731,"2097.27
"
7.6693681,"2097.31
"
7.6773345,"2097.35
"
7.6844141,"2097.39
"
7.6902071,"2097.41
"
7.6941342,"2097.42
"
7.7019895,"2097.45
"
7.7070253,"2097.46
"
7.7128908,"2097.48
"
7.7186118,"2097.50
"
7.7228432,"2097.51
"
7.7299904,"2097.54
"
7.7362394,"2097.56
"
7.7390736,"2097.56
"
7.7436427,"2097.57
"
7.7464146,"2097.57
"
7.7490287,"2097.57
"
7.7570731,"2097.61
"
7.765408,"2097.65
"
7.7709917,"2097.67
"
7.7787429,"2097.70
"
7.7815682,"2097.70
"
7.7857715,"2097.71
"
7.7939895,"2097.75
"
7.8014161,"2097.78
"
7.8061354,"2097.79
"
7.8103383,"2097.80
"
7.8177995,"2097.83
"
7.8238306,"2097.85
"
7.8298173,"2097.87
"
7.8328299,"2097.87
"
7.8399912,"2097.90
"
7.8455669,"2097.92
"
7.8496122,"2097.93
"
7.8520165,"2097.93
"
7.8577914,"2097.95
"
7.8648172,"2097.98
"
7.8717692,"2098.01
"
7.874766,"2098.01
"
7.8822184,"2098.04
"
7.8878165,"2098.06
"
7.8935145,"2098.08
"
7.8973675,"2098.09
"
7.9028298,"2098.11
"
7.9066857,"2098.12
"
7.9108933,"2098.13
"
7.919138,"2098.16
"
7.9268323,"2098.19
"
7.931203,"2098.20
"
7.9386144,"2098.23
"
7.94642,"2098.26
"
7.9506115,"2098.27
"
7.9533206,"2098.27
"
7.9607433,"2098.30
"
7.9677627,"2098.33
"
7.9736561,"2098.35
"
7.9812221,"2098.38
"
7.9858617,"2098.39
"
7.9941959,"2098.43
"
8.0002391,"2098.45
"
8.0062687,"2098.47
"
8.0093983,"2098.47
"
8.011705,"2098.47
"
8.0154874,"2098.48
"
8.0186542,"2098.48
"
8.0262213,"2098.52
"
8.0299947,"2098.53
"
8.0325726,"2098.53
"
8.0348644,"2098.53
"
8.0402441,"2098.55
"
8.0488618,"2098.59
"
8.0570338,"2098.63
"
8.0639651,"2098.66
"
8.0679654,"2098.67
"
8.0753936,"2098.70
"
8.078215,"2098.70
"
8.0806198,"2098.70
"
8.0829659,"2098.70
"
8.091794,"2098.74
"
8.099845,"2098.78
"
8.1075806,"2098.81
"
8.1122081,"2098.82
"
8.1197369,"2098.85
"
8.1226467,"2098.85
"
8.1246677,"2098.85
"
8.1274831,"2098.85
"
8.1300225,"2098.85
"
8.1380365,"2098.89
"
8.1464016,"2098.93
"
8.1531397,"2098.96
"
8.1557686,"2098.96
"
8.1583501,"2098.96
"
8.1666443,"2099.00
"
8.1721901,"2099.02
"
8.1777954,"2099.04
"
8.1804654,"2099.04
"
8.1842417,"2099.05
"
8.1926187,"2099.09
"
8.2001872,"2099.12
"
8.2045726,"2099.13
"
8.207203,"2099.13
"
8.2096392,"2099.13
"
8.2160196,"2099.15
"
8.2256411,"2099.19
"
8.2343707,"2099.23
"
8.2423386,"2099.27
"
8.2497517,"2099.30
"
8.2526687,"2099.30
"
8.254643,"2099.30
"
8.2568306,"2099.30
"
8.2606499,"2099.31
"
8.263618,"2099.31
"
8.2715438,"2099.35
"
8.2794124,"2099.39
"
8.2834901,"2099.40
"
8.288996,"2099.42
"
8.2977941,"2099.46
"
8.3038153,"2099.48
"
8.3092806,"2099.50
"
8.3156182,"2099.52
"
8.3217249,"2099.54
"
8.3290904,"2099.57
"
8.3347079,"2099.59
"
8.3386576,"2099.60
"
8.3425357,"2099.61
"
8.3503388,"2099.64
"
8.3565352,"2099.66
"
8.3592025,"2099.66
"
8.3618342,"2099.66
"
8.3642011,"2099.66
"
8.3726314,"2099.70
"
8.3780752,"2099.72
"
8.3858316,"2099.75
"
8.394404,"2099.79
"
8.401486,"2099.82
"
8.4060764,"2099.83
"
8.4100171,"2099.84
"
8.4159049,"2099.86
"
8.4203954,"2099.87
"
8.423399,"2099.87
"
8.4321971,"2099.91
"
8.436196,"2099.92
"
8.4438338,"2099.95
"
8.4482163,"2099.96
"
8.4555929,"2099.99
"
8.4596197,"2100.00
"
8.4622161,"2100.00
"
8.4712418,"2100.04
"
8.4766724,"2100.06
"
8.479573,"2100.06
"
8.4817474,"2100.06
"
8.4838396,"2100.06
"
8.4862173,"2100.06
"
8.4882606,"2100.06
"
8.4904509,"2100.06
"
8.4927671,"2100.06
"
8.4949549,"2100.06
"
8.497218,"2100.06
"
8.499426,"2100.06
"
8.5018625,"2100.06
"
8.5040309,"2100.06
"
8.5061946,"2100.06
"
8.5099659,"2100.07
"
8.5209081,"2100.11
"
8.5288963,"2100.26
"
8.5334277,"2100.27
"
8.5362142,"2100.27
"
8.5396186,"2100.28
"
8.5420719,"2100.28
"
8.5443714,"2100.28
"
8.546659,"2100.28
"
8.5488308,"2100.28
"
8.5513991,"2100.28
"
8.5604133,"2100.32
"
8.5684947,"2100.39
"
8.5724748,"2100.40
"
8.5803385,"2100.43
"
8.5850193,"2100.44
"
8.5923943,"2100.47
"
8.5952766,"2100.47
"
8.6038182,"2100.51
"
8.607769,"2100.52
"
8.6118925,"2100.53
"
8.6192377,"2100.56
"
8.6252029,"2100.58
"
8.6292135,"2100.59
"
8.6368303,"2100.62
"
8.6410309,"2100.63
"
8.6486205,"2100.66
"
8.6528309,"2100.67
"
8.6606134,"2100.70
"
8.6666155,"2100.72
"
8.6694906,"2100.72
"
8.6764922,"2100.75
"
8.6834463,"2100.78
"
8.6862009,"2100.78
"
8.6888298,"2100.78
"
8.6966037,"2100.82
"
8.7006724,"2100.83
"
8.7083724,"2100.86
"
8.7126146,"2100.87
"
8.7199681,"2100.90
"
8.7227925,"2100.90
"
8.7253697,"2100.90
"
8.7275954,"2100.90
"
8.7318175,"2100.91
"
8.7414923,"2100.95
"
8.7492524,"2100.99
"
8.7550312,"2101.01
"
8.7654174,"2101.05
"
8.7692394,"2101.06
"
8.7738902,"2101.07
"
8.7821399,"2101.11
"
8.7862006,"2101.12
"
8.7890325,"2101.12
"
8.7963713,"2101.15
"
8.8041975,"2101.19
"
8.8103384,"2101.21
"
8.813015,"2101.21
"
8.8204438,"2101.24
"
8.8264002,"2101.26
"
8.8304186,"2101.27
"
8.836197,"2101.29
"
8.8441989,"2101.32
"
8.8498931,"2101.34
"
8.8537675,"2101.35
"
8.8615269,"2101.38
"
8.8642204,"2101.38
"
8.8716635,"2101.41
"
8.8798249,"2101.44
"
8.8834198,"2101.45
"
8.8887073,"2101.47
"
8.8942242,"2101.49
"
8.8979482,"2101.50
"
8.9042997,"2101.52
"
8.9122535,"2101.55
"
8.9148926,"2101.55
"
8.9217683,"2101.58
"
8.9264725,"2101.59
"
8.9335687,"2101.62
"
8.9385901,"2101.63
"
8.9471469,"2101.67
"
8.951077,"2101.68
"
8.9553738,"2101.69
"
8.9635687,"2101.73
"
8.9696147,"2101.75
"
8.9739664,"2101.76
"
8.9814664,"2101.79
"
8.9874251,"2101.81
"
8.9902038,"2101.81
"
8.9924166,"2101.81
"
8.9950304,"2101.81
"
9.0031998,"2101.85
"
9.0086152,"2101.87
"
9.0124166,"2101.88
"
9.0182165,"2101.90
"
9.0221965,"2101.91
"
9.0296081,"2101.94
"
9.0343394,"2101.95
"
9.0385305,"2101.96
"
9.0464185,"2101.99
"
9.0540178,"2102.02
"
9.060091,"2102.04
"
9.0644513,"2102.05
"
9.0701363,"2102.07
"
9.0740197,"2102.08
"
9.0779441,"2102.09
"
9.0806234,"2102.09
"
9.0881972,"2102.12
"
9.092598,"2102.13
"
9.0983714,"2102.15
"
9.1062054,"2102.19
"
9.1089934,"2102.19
"
9.1129667,"2102.20
"
9.1157836,"2102.20
"
9.1230316,"2102.23
"
9.1254437,"2102.23
"
9.1279141,"2102.23
"
9.1304078,"2102.23
"
9.1324338,"2102.23
"
9.1357253,"2102.23
"
9.1387126,"2102.23
"
9.1471607,"2102.27
"
9.154496,"2102.33
"
9.161429,"2102.36
"
9.1641938,"2102.36
"
9.1668198,"2102.36
"
9.1741984,"2102.40
"
9.1771374,"2102.40
"
9.1809877,"2102.41
"
9.1867708,"2102.43
"
9.1908315,"2102.44
"
9.1966141,"2102.46
"
9.2042671,"2102.49
"
9.2119084,"2102.52
"
9.2165214,"2102.53
"
9.2238186,"2102.56
"
9.2266197,"2102.56
"
9.2288957,"2102.56
"
9.2312252,"2102.56
"
9.2334492,"2102.56
"
9.2359922,"2102.56
"
9.2450315,"2102.60
"
9.2536143,"2102.65
"
9.2611401,"2102.68
"
9.2652039,"2102.69
"
9.2728183,"2102.72
"
9.280505,"2102.75
"
9.2833946,"2102.75
"
9.290643,"2102.78
"
9.2964935,"2102.80
"
9.3026155,"2102.82
"
9.3052778,"2102.82
"
9.3077977,"2102.82
"
9.3157225,"2102.86
"
9.320245,"2102.87
"
9.3276154,"2102.90
"
9.3332185,"2102.92
"
9.337375,"2102.93
"
9.3416207,"2102.94
"
9.3459062,"2102.95
"
9.3517645,"2102.97
"
9.3557829,"2102.98
"
9.3616209,"2103.00
"
9.3691965,"2103.03
"
9.3752431,"2103.05
"
9.381397,"2103.07
"
9.3839935,"2103.07
"
9.3908962,"2103.10
"
9.3955812,"2103.11
"
9.3982387,"2103.11
"
9.4005443,"2103.11
"
9.4027576,"2103.11
"
9.4050308,"2103.11
"
9.4131865,"2103.15
"
9.4212712,"2103.19
"
9.4241384,"2103.19
"
9.4279444,"2103.20
"
9.430374,"2103.20
"
9.4358978,"2103.22
"
9.4447842,"2103.26
"
9.4488693,"2103.27
"
9.4572198,"2103.31
"
9.4601397,"2103.31
"
9.4642764,"2103.32
"
9.4669955,"2103.32
"
9.4756158,"2103.36
"
9.4798325,"2103.37
"
9.4868438,"2103.40
"
9.4908191,"2103.41
"
9.4934884,"2103.41
"
9.5008721,"2103.44
"
9.5038319,"2103.44
"
9.5060288,"2103.44
"
9.5084681,"2103.44
"
9.5112628,"2103.44
"
9.5201423,"2103.48
"
9.5255816,"2103.50
"
9.5282171,"2103.50
"
9.5364015,"2103.55
"
9.5437391,"2103.58
"
9.5491403,"2103.60
"
9.5540222,"2103.61
"
9.5564653,"2103.61
"
9.5655467,"2103.65
"
9.5709435,"2103.67
"
9.5798661,"2103.71
"
9.5868893,"2103.74
"
9.5897074,"2103.74
"
9.5919447,"2103.74
"
9.5946141,"2103.74
"
9.6026134,"2103.78
"
9.6108324,"2103.82
"
9.6136197,"2103.82
"
9.6161984,"2103.82
"
9.618768,"2103.82
"
9.6214975,"2103.82
"
9.6293507,"2103.86
"
9.6373494,"2103.90
"
9.6448325,"2103.93
"
9.6511525,"2103.95
"
9.6563786,"2103.96
"
9.6617761,"2103.98
"
9.6664469,"2103.99
"
9.6692149,"2103.99
"
9.6775552,"2104.03
"
9.6804011,"2104.03
"
9.6884032,"2104.07
"
9.6912772,"2104.07
"
9.6996258,"2104.11
"
9.7039061,"2104.12
"
9.7064665,"2104.12
"
9.7086608,"2104.12
"
9.7108226,"2104.12
"
9.7197699,"2104.16
"
9.7280209,"2104.20
"
9.7359902,"2104.24
"
9.7398934,"2104.25
"
9.7440211,"2104.26
"
9.7466944,"2104.26
"
9.74937,"2104.26
"
9.7578197,"2104.30
"
9.7644177,"2104.32
"
9.7690215,"2104.33
"
9.7768811,"2104.36
"
9.784833,"2104.39
"
9.7909671,"2104.41
"
9.7949093,"2104.42
"
9.7974669,"2104.42
"
9.805445,"2104.46
"
9.8083364,"2104.46
"
9.8124628,"2104.47
"
9.8201459,"2104.50
"
9.8259677,"2104.52
"
9.8298418,"2104.53
"
9.8374121,"2104.56
"
9.8430433,"2104.58
"
9.8460318,"2104.58
"
9.8540312,"2104.62
"
9.8570397,"2104.62
"
9.8636145,"2104.64
"
9.8694457,"2104.66
"
9.8765826,"2104.69
"
9.8811871,"2104.70
"
9.8851407,"2104.71
"
9.8906149,"2104.73
"
9.8944477,"2104.74
"
9.9018697,"2104.77
"
9.9061568,"2104.78
"
9.9119259,"2104.80
"
9.9178318,"2104.82
"
9.9203752,"2104.82
"
9.9230314,"2104.82
"
9.9315486,"2104.86
"
9.9384528,"2104.89
"
9.9413737,"2104.89
"
9.9452271,"2104.90
"
9.9522028,"2104.93
"
9.9566182,"2104.94
"
9.9594429,"2104.94
"
9.9691901,"2104.98
"
9.9767822,"2105.01
"
9.9840292,"2105.04
"
9.9900797,"2105.06
"
9.9946455,"2105.07
"
9.9972393,"2105.07
"
9.9996146,"2105.07
"
10.0034936,"2105.08
"
10.0061979,"2105.08
"
10.0147073,"2105.12
"
10.0208199,"2105.14
"
10.0237133,"2105.14
"
10.0322182,"2105.18
"
10.0403335,"2105.21
"
10.0458373,"2105.23
"
10.0484601,"2105.23
"
10.051019,"2105.23
"
10.0532773,"2105.23
"
10.0553366,"2105.23
"
10.0578948,"2105.23
"
10.0617071,"2105.24
"
10.0648965,"2105.24
"
10.0740757,"2105.28
"
10.0818869,"2105.34
"
10.0897705,"2105.37
"
10.0955936,"2105.39
"
10.1003507,"2105.40
"
10.102944,"2105.40
"
10.1114473,"2105.42
"
10.11699,"2105.46
"
10.1198345,"2105.46
"
10.1223732,"2105.46
"
10.1292188,"2105.49
"
10.1378241,"2105.53
"
10.143857,"2105.55
"
10.1485256,"2105.56
"
10.1544916,"2105.59
"
10.1607051,"2105.61
"
10.1637187,"2105.61
"
10.1719532,"2105.64
"
10.1795321,"2105.67
"
10.1859832,"2105.70
"
10.1887837,"2105.70
"
10.1948325,"2105.72
"
10.1989684,"2105.73
"
10.2048464,"2105.75
"
10.2119457,"2105.78
"
10.2178946,"2105.80
"
10.2206902,"2105.80
"
10.2279654,"2105.83
"
10.235467,"2105.86
"
10.2399901,"2105.87
"
10.2461074,"2105.89
"
10.2535879,"2105.92
"
10.259677,"2105.94
"
10.2640191,"2105.95
"
10.2712039,"2105.98
"
10.2774167,"2106.00
"
10.2818441,"2106.01
"
10.2894632,"2106.04
"
10.2924705,"2106.04
"
10.3004159,"2106.08
"
10.3051378,"2106.09
"
10.3126191,"2106.12
"
10.3188203,"2106.14
"
10.3216424,"2106.14
"
10.3290224,"2106.17
"
10.3367565,"2106.20
"
10.3396842,"2106.20
"
10.3434314,"2106.21
"
10.3478352,"2106.22
"
10.3554114,"2106.25
"
10.3632161,"2106.28
"
10.3691446,"2106.30
"
10.3732462,"2106.31
"
10.3804134,"2106.34
"
10.3832401,"2106.34
"
10.389024,"2106.36
"
10.3919367,"2106.36
"
10.3984177,"2106.39
"
10.4041415,"2106.41
"
10.4080762,"2106.42
"
10.4107823,"2106.42
"
10.4192425,"2106.46
"
10.4230753,"2106.47
"
10.4272062,"2106.48
"
10.4330379,"2106.50
"
10.440981,"2106.53
"
10.4466802,"2106.55
"
10.4494154,"2106.55
"
10.4518233,"2106.55
"
10.4598944,"2106.59
"
10.4672024,"2106.62
"
10.4722861,"2106.63
"
10.4751907,"2106.63
"
10.4832014,"2106.67
"
10.4890754,"2106.69
"
10.4946731,"2106.71
"
10.4984178,"2106.72
"
10.5043827,"2106.74
"
10.5070348,"2106.74
"
10.5096623,"2106.74
"
10.5150335,"2106.76
"
10.5220201,"2106.79
"
10.5249997,"2106.79
"
10.5274002,"2106.79
"
10.5348657,"2106.82
"
10.5389682,"2106.83
"
10.541795,"2106.83
"
10.5495708,"2106.87
"
10.5582848,"2106.91
"
10.5656683,"2106.94
"
10.5721474,"2106.96
"
10.5788329,"2106.98
"
10.5867056,"2107.01
"
10.5924465,"2107.03
"
10.5970325,"2107.04
"
10.6011411,"2107.05
"
10.6064223,"2107.07
"
10.6126164,"2107.09
"
10.6185452,"2107.11
"
10.6240334,"2107.13
"
10.6282412,"2107.14
"
10.6358684,"2107.17
"
10.6384493,"2107.17
"
10.6457982,"2107.20
"
10.6499549,"2107.21
"
10.6573712,"2107.24
"
10.663431,"2107.26
"
10.6676155,"2107.27
"
10.6729451,"2107.29
"
10.6758428,"2107.29
"
10.6844671,"2107.32
"
10.6870746,"2107.32
"
10.6955455,"2107.36
"
10.6995712,"2107.37
"
10.7068331,"2107.40
"
10.7130007,"2107.42
"
10.7158204,"2107.42
"
10.7200797,"2107.43
"
10.7278454,"2107.47
"
10.7335744,"2107.49
"
10.7395513,"2107.51
"
10.7467886,"2107.54
"
10.7493987,"2107.54
"
10.7550225,"2107.56
"
10.7623745,"2107.59
"
10.7683376,"2107.61
"
